players,depth,branching-factor
2,1,13
3,1,13
4,1,13
2,2,13
3,2,13
4,2,13
2,3,20.686390532544376
3,3,13
4,3,13
2,4,20.44994009924759
3,4,20.006372325898955
4,4,13
2,5,21.95720343956756
3,5,20.11223989729797
4,5,19.98452435138826
2,6,21.699914648056808
3,6,19.96610329301003
4,6,19.802788605159346
2,7,23.55120493803269
3,7,21.362982625345182
4,7,19.669065134506678